<?xml version="1.0" encoding="UTF-8"?><metadata>
    <idinfo>
        <citation>
            <citeinfo>
                <pubdate>20240516</pubdate>
                <title>Traffic Sections 2023, Washington State Department of Transportation</title>
                <geoform>vector digital data</geoform>
                <onlink>https://data.wsdot.wa.gov/arcgis/rest/services/Shared/TrafficData/MapServer/1</onlink>
                <onlink>https://data.wsdot.wa.gov/geospatial/DOT_TDO/TrafficGeoportal/2023_TrafficSections.zip</onlink>
            </citeinfo>
        </citation>
        <descript>
            <abstract>2023 estimated Annual Average Daily Traffic volumes along the state highway system. Data represents all directions of travel for the given roadway segment.</abstract>
            <purpose>To fulfill federal reporting requirements and help meet departmental point-specific traffic information needs.</purpose>
        </descript>
        <timeperd>
            <timeinfo>
                <rngdates>
                    <begdate>20230101</begdate>
                    <begtime>unknown</begtime>
                    <enddate>20231231</enddate>
                    <endtime>unknown</endtime>
                </rngdates>
            </timeinfo>
            <current>Temporal extent of dataset</current>
        </timeperd>
        <status>
            <progress>Complete</progress>
            <update>Annually</update>
        </status>
        <spdom>
            <bounding>
                <westbc>-124.674393</westbc>
                <eastbc>-116.861321</eastbc>
                <northbc>49.042512</northbc>
                <southbc>45.504794</southbc>
            </bounding>
        </spdom>
        <keywords>
            <theme>
                <themekt>None</themekt>
                <themekey>AADT</themekey>
                <themekey>Annual Average Daily Traffic</themekey>
                <themekey>Traffic</themekey>
                <themekey>Traffic Volume</themekey>
            </theme>
            <theme>
                <themekt>ISO 19115 Topic Categories</themekt>
                <themekey>transportation</themekey>
            </theme>
        </keywords>
        <accconst>None</accconst>
        <useconst>
For Planning use only. The Washington State Department of Transportation (WSDOT) shall not be liable for any activity involving the use of the data, including, but not limited to, lost profits or savings or any other economic or consequential damages. Nor does the WSDOT warrant the fitness of the data for use for a particular purpose, or the installation of the data, its use, or the results obtained.
To the fullest extent permitted by law, the Data User shall hold harmless, defend at its own expense, and indemnify WSDOT, its officers, employees, agents, and volunteers, against any and all liability, claims, losses, damages, or expenses, including reasonable attorney’s fees, arising from all acts or omissions of the Data User or its officers, agents, or employees in its use of the WSDOT data.
</useconst>
        <ptcontac>
            <cntinfo>
                <cntorgp>
                    <cntorg>Washington State Department of Transportation</cntorg>
                    <cntper>Trevor Annis</cntper>
                </cntorgp>
                <cntemail>Trevor.Annis@wsdot.wa.gov</cntemail>
            </cntinfo>
        </ptcontac>
        <ptcontac>
            <cntinfo>
                <cntorgp>
                    <cntorg>Washington State Department of Transportation</cntorg>
                    <cntper>Trevor Annis</cntper>
                </cntorgp>
                <cntemail>Trevor.Annis@wsdot.wa.gov</cntemail>
            </cntinfo>
        </ptcontac>
        <native> Version 6.2 (Build 9200) ; Esri ArcGIS 10.9.1.28388</native>
    </idinfo>
    <dataqual>
        <complete>Data is only provided for Mainlines, Spurs, Couplets, Alternate Routes, Reversible Lanes and Grade Separated HOV Lanes. These are the related roadway types for which traffic data is reported to the federal government through the Highway Performance Monitoring System.</complete>
        <lineage>
            <procstep>
                <procdesc>Traffic and roadway data from WSDOT's Datamart, was loaded to software with code for (a) consolidating contiguous segments with the same AADT and (b) dividing segments at locations where the roadway changes from one direction of travel to two or from two directions of travel to one. Data queried on process date.</procdesc>
                <procdate>20240508</procdate>
                <proccont>
                    <cntinfo>
                        <cntorgp>
                            <cntorg>Washington State Department of Transportation</cntorg>
                            <cntper>Trevor Annis</cntper>
                        </cntorgp>
                        <cntemail>Trevor.Annis@wsdot.wa.gov</cntemail>
                    </cntinfo>
                </proccont>
            </procstep>
            <procstep>
                <procdesc>Placed extracted datasets onto the 2023 Linear Referencing System (LRS) using route events. Data was placed on the Increasing 24k LRS except for roadway segments with no lanes carrying traffic in the increasing direction of mileposting. These segments were placed on the Decreasing 24k LRS. Those two datasets were merged together to produce the final result.</procdesc>
                <procdate>20240509</procdate>
                <proccont>
                    <cntinfo>
                        <cntorgp>
                            <cntorg>Washington State Department of Transportation</cntorg>
                            <cntper>Trevor Annis</cntper>
                        </cntorgp>
                        <cntemail>Trevor.Annis@wsdot.wa.gov</cntemail>
                    </cntinfo>
                </proccont>
            </procstep>
        </lineage>
    </dataqual>
    <spdoinfo>
        <direct>Vector</direct>
        <ptvctinf>
            <sdtsterm>
                <sdtstype>String</sdtstype>
                <ptvctcnt>4865</ptvctcnt>
            </sdtsterm>
        </ptvctinf>
    </spdoinfo>
    <eainfo>
        <detailed>
            <enttyp>
                <enttypl>TrafficSections</enttypl>
            </enttyp>
            <attr>
                <attrlabl>OBJECTID</attrlabl>
                <attrdef>Internal feature number.</attrdef>
                <attrdefs>Esri</attrdefs>
                <attrdomv>
                                                  
                    
                    <udom>Sequential unique whole numbers that are automatically generated.</udom>
                                                
                
                </attrdomv>
            </attr>
            <attr>
                <attrlabl>Location</attrlabl>
                <attrdef>Text description of the segment boundaries in terms of the State Route Milepost and Ahead/Back Indicator of physical features of the roadway (e.g., an intersection or bridge).</attrdef>
            </attr>
            <attr>
                <attrlabl>AADT</attrlabl>
                <attrdef>The annual average daily traffic figure calculated by the WSDOT Travel and Analysis Branch for the roadway location and year indicated.</attrdef>
            </attr>
            <attr>
                <attrlabl>RouteIdentifier</attrlabl>
                <attrdef>A unique Route identifier to identify a route (City, County, State, Tribal, Forest) in any given data set. For State Routes, Route IDs are assigned by WSDOT's GIS and Roadway Data Office</attrdef>
                <attrdefs>WSDOT Application - DOTS</attrdefs>
            </attr>
            <attr>
                <attrlabl>StateRouteNumber</attrlabl>
                <attrdef>The number assigned to the State Route and enacted into law by the Washington State Legislature</attrdef>
                <attrdefs>WSDOT Application - DOTS</attrdefs>
            </attr>
            <attr>
                <attrlabl>RelatedRouteType</attrlabl>
                <attrdef>A Code that represents a classification of a route associated with a mainline state route, examples include: Couplet, Spur, Alternate Route, etc. </attrdef>
                <attrdefs>WSDOT Application - DOTS</attrdefs>
                <attrdomv>
                                                  
                    
                    <edom>
                                                            
                        
                        <edomvd>Mainline</edomvd>
                                                            
                        
                        <edomvds>WSDOT Application - DOTS</edomvds>
                                                          
                    
                    </edom>
                                                
                
                </attrdomv>
                <attrdomv>
                                                  
                    
                    <edom>
                                                            
                        
                        <edomv>AR</edomv>
                                                            
                        
                        <edomvd>Alternate Route</edomvd>
                                                            
                        
                        <edomvds>WSDOT Application - DOTS</edomvds>
                                                          
                    
                    </edom>
                                                
                
                </attrdomv>
                <attrdomv>
                                                  
                    
                    <edom>
                                                            
                        
                        <edomv>CD</edomv>
                                                            
                        
                        <edomvd>Collector - Distributor - Decreasing</edomvd>
                                                            
                        
                        <edomvds>WSDOT Application - DOTS</edomvds>
                                                          
                    
                    </edom>
                                                
                
                </attrdomv>
                <attrdomv>
                                                  
                    
                    <edom>
                                                            
                        
                        <edomv>CI</edomv>
                                                            
                        
                        <edomvd>Collector - Distributor - Increasing</edomvd>
                                                            
                        
                        <edomvds>WSDOT Application - DOTS</edomvds>
                                                          
                    
                    </edom>
                                                
                
                </attrdomv>
                <attrdomv>
                                                  
                    
                    <edom>
                                                            
                        
                        <edomv>CO</edomv>
                                                            
                        
                        <edomvd>Couplet</edomvd>
                                                            
                        
                        <edomvds>WSDOT Application - DOTS</edomvds>
                                                          
                    
                    </edom>
                                                
                
                </attrdomv>
                <attrdomv>
                                                  
                    
                    <edom>
                                                            
                        
                        <edomv>FD</edomv>
                                                            
                        
                        <edomvd>Frontage Road - Decreasing</edomvd>
                                                            
                        
                        <edomvds>WSDOT Application - DOTS</edomvds>
                                                          
                    
                    </edom>
                                                
                
                </attrdomv>
                <attrdomv>
                                                  
                    
                    <edom>
                                                            
                        
                        <edomv>FI</edomv>
                                                            
                        
                        <edomvd>Frontage Road - Increasing</edomvd>
                                                            
                        
                        <edomvds>WSDOT Application - DOTS</edomvds>
                                                          
                    
                    </edom>
                                                
                
                </attrdomv>
                <attrdomv>
                                                  
                    
                    <edom>
                                                            
                        
                        <edomv>FT</edomv>
                                                            
                        
                        <edomvd>Ferry Terminal</edomvd>
                                                            
                        
                        <edomvds>WSDOT Application - DOTS</edomvds>
                                                          
                    
                    </edom>
                                                
                
                </attrdomv>
                <attrdomv>
                                                  
                    
                    <edom>
                                                            
                        
                        <edomv>FS</edomv>
                                                            
                        
                        <edomvd>Ferry Ship (boat)</edomvd>
                                                            
                        
                        <edomvds>WSDOT Application - DOTS</edomvds>
                                                          
                    
                    </edom>
                                                
                
                </attrdomv>
                <attrdomv>
                                                  
                    
                    <edom>
                                                            
                        
                        <edomv>HD</edomv>
                                                            
                        
                        <edomvd>Grade separated HOV Lane - Decreasing</edomvd>
                                                            
                        
                        <edomvds>WSDOT Application - DOTS</edomvds>
                                                          
                    
                    </edom>
                                                
                
                </attrdomv>
                <attrdomv>
                                                  
                    
                    <edom>
                                                            
                        
                        <edomv>HI</edomv>
                                                            
                        
                        <edomvd>Grade separated HOV Lane - Increasing</edomvd>
                                                            
                        
                        <edomvds>WSDOT Application - DOTS</edomvds>
                                                          
                    
                    </edom>
                                                
                
                </attrdomv>
                <attrdomv>
                                                  
                    
                    <edom>
                                                            
                        
                        <edomv>LX</edomv>
                                                            
                        
                        <edomvd>Crossroad within Interchange</edomvd>
                                                            
                        
                        <edomvds>WSDOT Application - DOTS</edomvds>
                                                          
                    
                    </edom>
                                                
                
                </attrdomv>
                <attrdomv>
                                                  
                    
                    <edom>
                                                            
                        
                        <edomv>PR</edomv>
                                                            
                        
                        <edomvd>Proposed Route</edomvd>
                                                            
                        
                        <edomvds>WSDOT Application - DOTS</edomvds>
                                                          
                    
                    </edom>
                                                
                
                </attrdomv>
                <attrdomv>
                                                  
                    
                    <edom>
                                                            
                        
                        <edomv>RL</edomv>
                                                            
                        
                        <edomvd>Reversible Lane</edomvd>
                                                            
                        
                        <edomvds>WSDOT Application - DOTS</edomvds>
                                                          
                    
                    </edom>
                                                
                
                </attrdomv>
                <attrdomv>
                                                  
                    
                    <edom>
                                                            
                        
                        <edomv>SP</edomv>
                                                            
                        
                        <edomvd>Spur</edomvd>
                                                            
                        
                        <edomvds>WSDOT Application - DOTS</edomvds>
                                                          
                    
                    </edom>
                                                
                
                </attrdomv>
                <attrdomv>
                                                  
                    
                    <edom>
                                                            
                        
                        <edomv>TB</edomv>
                                                            
                        
                        <edomvd>Transitional Turnback</edomvd>
                                                            
                        
                        <edomvds>WSDOT Application - DOTS</edomvds>
                                                          
                    
                    </edom>
                                                
                
                </attrdomv>
                <attrdomv>
                                                  
                    
                    <edom>
                                                            
                        
                        <edomv>TR</edomv>
                                                            
                        
                        <edomvd>Temporary Route</edomvd>
                                                            
                        
                        <edomvds>WSDOT Application - DOTS</edomvds>
                                                          
                    
                    </edom>
                                                
                
                </attrdomv>
                <attrdomv>
                                                  
                    
                    <edom>
                                                            
                        
                        <edomv>UC</edomv>
                                                            
                        
                        <edomvd>Under Construction</edomvd>
                                                            
                        
                        <edomvds>WSDOT Application - DOTS</edomvds>
                                                          
                    
                    </edom>
                                                
                
                </attrdomv>
                <attrdomv>
                                                  
                    
                    <edom>
                                                            
                        
                        <edomv>P1-P9</edomv>
                                                            
                        
                        <edomvd>Off Ramp - Increasing, P4 contained only within Urban Interchanges</edomvd>
                                                            
                        
                        <edomvds>WSDOT Application - DOTS</edomvds>
                                                          
                    
                    </edom>
                                                
                
                </attrdomv>
                <attrdomv>
                                                  
                    
                    <edom>
                                                            
                        
                        <edomv>Q1-Q9</edomv>
                                                            
                        
                        <edomvd>On Ramp - Increasing, Q4 contained only within Urban Interchanges</edomvd>
                                                            
                        
                        <edomvds>WSDOT Application - DOTS</edomvds>
                                                          
                    
                    </edom>
                                                
                
                </attrdomv>
                <attrdomv>
                                                  
                    
                    <edom>
                                                            
                        
                        <edomv>R1-R9</edomv>
                                                            
                        
                        <edomvd>Off Ramp - Decreasing, R4 contained only within Urban Interchanges</edomvd>
                                                            
                        
                        <edomvds>WSDOT Application - DOTS</edomvds>
                                                          
                    
                    </edom>
                                                
                
                </attrdomv>
                <attrdomv>
                                                  
                    
                    <edom>
                                                            
                        
                        <edomv>S1-S9</edomv>
                                                            
                        
                        <edomvd>On Ramp - Decreasing, S4 contained only within Urban Interchanges</edomvd>
                                                            
                        
                        <edomvds>WSDOT Application - DOTS</edomvds>
                                                          
                    
                    </edom>
                                                
                
                </attrdomv>
                <attrdomv>
                                                  
                    
                    <edom>
                                                            
                        
                        <edomv>U1-U9</edomv>
                                                            
                        
                        <edomvd>Weigh Station Ramp - Increasing</edomvd>
                                                            
                        
                        <edomvds>WSDOT Application - DOTS</edomvds>
                                                          
                    
                    </edom>
                                                
                
                </attrdomv>
                <attrdomv>
                                                  
                    
                    <edom>
                                                            
                        
                        <edomv>W1-W9</edomv>
                                                            
                        
                        <edomvd>Weigh Station Ramp - Decreasing</edomvd>
                                                            
                        
                        <edomvds>WSDOT Application - DOTS</edomvds>
                                                          
                    
                    </edom>
                                                
                
                </attrdomv>
                <attrdomv>
                                                  
                    
                    <edom>
                                                            
                        
                        <edomv>X1-X9</edomv>
                                                            
                        
                        <edomvd>Safety Rest Area Ramp - Increasing</edomvd>
                                                            
                        
                        <edomvds>WSDOT Application - DOTS</edomvds>
                                                          
                    
                    </edom>
                                                
                
                </attrdomv>
                <attrdomv>
                                                  
                    
                    <edom>
                                                            
                        
                        <edomv>Y1-Y9</edomv>
                                                            
                        
                        <edomvd>Safety Rest Area Ramp - Decreasing</edomvd>
                                                            
                        
                        <edomvds>WSDOT Application - DOTS</edomvds>
                                                          
                    
                    </edom>
                                                
                
                </attrdomv>
            </attr>
            <attr>
                <attrlabl>BeginAccumulatedRouteMile</attrlabl>
                <attrdef>The measure of a point at the beginning of a roadway segment along the length of a route in which the distance is measured as an accrual of mileage from the beginning of the route. The Accumulated Route Mile Begin may define the starting point for a business activity or measurement. For example, project location or roadside event.</attrdef>
                <attrdefs>WSDOT Application - DOTS</attrdefs>
            </attr>
            <attr>
                <attrlabl>EndAccumulatedRouteMile</attrlabl>
                <attrdef>The measure of a point at the end of a roadway segment along the length of a route in which the distance is measured as an accrual of mileage from the beginning of the route. The Accumulated Route Mile Begin may define the starting point for a business activity or measurement. For example, project location or roadside event.</attrdef>
                <attrdefs>WSDOT Application - DOTS</attrdefs>
            </attr>
            <attr>
                <attrlabl>RelatedRouteQualifier</attrlabl>
                <attrdef>A reference used to uniquely identify the physical location of the State Route Related Route Type. The State Route Related Route Qualifier can be based on a State Route Milepost, street name, city, or other distinguishing geographic reference.</attrdef>
                <attrdefs>WSDOT Application - DOTS</attrdefs>
            </attr>
            <attr>
                <attrlabl>SymbolCode</attrlabl>
                <attrdef>A code used for cartographic symbolization</attrdef>
                <attrdefs>WSDOT ITD, Data Resource Management Office</attrdefs>
                <attrdomv>
                                                  
                    
                    <edom>
                                                            
                        
                        <edomv>IS</edomv>
                                                            
                        
                        <edomvd>Interstate Route</edomvd>
                                                          
                    
                    </edom>
                                                
                
                </attrdomv>
                <attrdomv>
                                                  
                    
                    <edom>
                                                            
                        
                        <edomv>US</edomv>
                                                            
                        
                        <edomvd>US Route</edomvd>
                                                          
                    
                    </edom>
                                                  
                    
                    <edom>
                                                            
                        
                        <edomv>RA</edomv>
                                                            
                        
                        <edomvd>Ramp</edomvd>
                                                          
                    
                    </edom>
                                                
                
                </attrdomv>
                <attrdomv>
                                                  
                    
                    <edom>
                                                            
                        
                        <edomv>SR</edomv>
                                                            
                        
                        <edomvd>State Route</edomvd>
                                                          
                    
                    </edom>
                                                
                
                </attrdomv>
                <attrdomv>
                                                  
                    
                    <edom>
                                                            
                        
                        <edomv>LC</edomv>
                                                            
                        
                        <edomvd>Local Road either frontage road or Local access approach.</edomvd>
                                                          
                    
                    </edom>
                                                
                
                </attrdomv>
                <attrdomv>
                                                  
                    
                    <edom>
                                                            
                        
                        <edomv>FT</edomv>
                                                            
                        
                        <edomvd>Ferry Terminal</edomvd>
                                                          
                    
                    </edom>
                                                
                
                </attrdomv>
                <attrdomv>
                                                  
                    
                    <edom>
                                                            
                        
                        <edomv>RA</edomv>
                                                            
                        
                        <edomvd>Ramp</edomvd>
                                                          
                    
                    </edom>
                                                
                
                </attrdomv>
                <attrdomv>
                                                  
                    
                    <edom>
                                                            
                        
                        <edomv>PR</edomv>
                                                            
                        
                        <edomvd>Proposed Route</edomvd>
                                                          
                    
                    </edom>
                                                
                
                </attrdomv>
            </attr>
            <attr>
                <attrlabl>SHAPE</attrlabl>
                <attrdef>Feature geometry.</attrdef>
                <attrdefs>Esri</attrdefs>
                <attrdomv>
                                                  
                    
                    <udom>Coordinates defining the features.</udom>
                                                
                
                </attrdomv>
            </attr>
            <attr>
                <attrlabl>GlobalID</attrlabl>
                <attrdef>Automatically assigned universal unique identifier.</attrdef>
            </attr>
            <attr>
                <attrlabl>LRSDate</attrlabl>
                <attrdef>The Linear Referencing System date that this record is using for location.</attrdef>
                <attrdefs>WSDOT Application - DOTS</attrdefs>
            </attr>
            <attr>
                <attrlabl>ReportingYear</attrlabl>
                <attrdef>The calendar year of the traffic data being reported.</attrdef>
            </attr>
            <attr>
                <attrlabl>Shape.STLength()</attrlabl>
            </attr>
        </detailed>
    </eainfo>
    <distinfo>
        <distrib>
            <cntinfo>
                <cntorgp>
                    <cntorg>Washington State Department of Transportation, Office of Information Technology</cntorg>
                    <cntper>Jordyn Mitchell</cntper>
                </cntorgp>
                <cntpos>GIS Database Administrator</cntpos>
                <cntemail>jordyn.mitchell@wsdot.wa.gov</cntemail>
            </cntinfo>
        </distrib>
        <distliab>The Washington State Department of Transportation shall not be liable for any activity involving this data with regard to lost profits or savings or any other consequential damages; or the fitness for use of the data for a particular purpose; or the installation of the data, its use, or the results obtained.</distliab>
        <custom>Download individual data sets from https://gisdata-wsdot.opendata.arcgis.com</custom>
    </distinfo>
    <metainfo>
        <metd>20240516</metd>
        <metc>
            <cntinfo>
                <cntorgp>
                    <cntorg>Washington State Department of Transportation</cntorg>
                    <cntper>Trevor Annis</cntper>
                </cntorgp>
                <cntemail>Trevor.Annis@wsdot.wa.gov</cntemail>
            </cntinfo>
        </metc>
        <metstdn>FGDC Content Standard for Digital Geospatial Metadata</metstdn>
        <metstdv>FGDC-STD-001-1998</metstdv>
        <mettc>local time</mettc>
    </metainfo>
</metadata>
